"Time Bucket","Number of Calls","Percentile"
"0","307","20.08"
"100","445","49.18"
"200","338","71.29"
"300","97","77.63"
"400","50","80.9"
"500","35","83.19"
"600","35","85.48"
"700","26","87.18"
"800","14","88.1"
"900","15","89.08"
"1000","15","90.06"
"1100","13","90.91"
"1200","17","92.02"
"1300","10","92.67"
"1400","8","93.2"
"1500","2","93.33"
"1600","6","93.72"
"1700","6","94.11"
"1800","2","94.24"
"1900","3","94.44"
"2000","1","94.51"
"2100","0","94.51"
"2200","1","94.57"
"2300","4","94.83"
"2400","3","95.03"
"2500","1","95.09"
"2600","0","95.09"
"2700","0","95.09"
"2800","0","95.09"
"2900","0","95.09"
"3000","1","95.16"
"3100","1","95.23"
"3200","2","95.36"
"3300","3","95.55"
"3400","1","95.62"
"3500","1","95.68"
"3600","5","96.01"
"3700","6","96.4"
"3800","0","96.4"
"3900","4","96.66"
"4000","1","96.73"
"4100","0","96.73"
"4200","1","96.8"
"4300","0","96.8"
"4400","0","96.8"
"4500","1","96.86"
"4600","1","96.93"
"4700","0","96.93"
"4800","0","96.93"
"4900","2","97.06"
"5000","1","97.12"
"5100","0","97.12"
"5200","1","97.19"
"5300","0","97.19"
"5400","0","97.19"
"5500","0","97.19"
"5600","0","97.19"
"5700","1","97.25"
"5800","1","97.32"
"5900","1","97.38"
"6000","0","97.38"
"6100","0","97.38"
"6200","0","97.38"
"6300","0","97.38"
"6400","1","97.45"
"6500","1","97.51"
"6600","0","97.51"
"6700","1","97.58"
"6800","0","97.58"
"6900","0","97.58"
"7000","0","97.58"
"7100","2","97.71"
"7200","0","97.71"
"7300","1","97.78"
"7400","0","97.78"
"7500","0","97.78"
"7600","3","97.97"
"7700","1","98.04"
"7800","2","98.17"
"7900","3","98.36"
"8000","2","98.5"
"8100","1","98.56"
"8200","0","98.56"
"8300","0","98.56"
"8400","0","98.56"
"8500","0","98.56"
"8600","1","98.63"
"8700","1","98.69"
"8800","3","98.89"
"8900","2","99.02"
"9000","1","99.08"
"9100","0","99.08"
"9200","0","99.08"
"9300","1","99.15"
"9400","0","99.15"
"9500","0","99.15"
"9600","0","99.15"
"9700","0","99.15"
"9800","0","99.15"
"9900","2","99.28"
"10000","0","99.28"
"10100","3","99.48"
"10200","1","99.54"
"10300","0","99.54"
"10400","0","99.54"
"10500","0","99.54"
"10600","0","99.54"
"10700","1","99.61"
"10800","0","99.61"
"10900","0","99.61"
"11000","0","99.61"
"11100","0","99.61"
"11200","1","99.67"
"11300","0","99.67"
"11400","0","99.67"
"11500","0","99.67"
"11600","0","99.67"
"11700","2","99.8"
"11800","0","99.8"
"11900","0","99.8"
"12000","0","99.8"
"12100","0","99.8"
"12200","0","99.8"
"12300","0","99.8"
"12400","0","99.8"
"12500","0","99.8"
"12600","0","99.8"
"12700","0","99.8"
"12800","0","99.8"
"12900","0","99.8"
"13000","0","99.8"
"13100","0","99.8"
"13200","0","99.8"
"13300","0","99.8"
"13400","0","99.8"
"13500","0","99.8"
"13600","0","99.8"
"13700","0","99.8"
"13800","0","99.8"
"13900","0","99.8"
"14000","0","99.8"
"14100","0","99.8"
"14200","0","99.8"
"14300","0","99.8"
"14400","0","99.8"
"14500","0","99.8"
"14600","0","99.8"
"14700","0","99.8"
"14800","0","99.8"
"14900","0","99.8"
"15000","0","99.8"
"15100","0","99.8"
"15200","0","99.8"
"15300","0","99.8"
"15400","0","99.8"
"15500","0","99.8"
"15600","0","99.8"
"15700","0","99.8"
"15800","0","99.8"
"15900","0","99.8"
"16000","0","99.8"
"16100","1","99.87"
"16200","0","99.87"
"16300","0","99.87"
"16400","0","99.87"
"16500","0","99.87"
"16600","0","99.87"
"16700","0","99.87"
"16800","0","99.87"
"16900","0","99.87"
"17000","0","99.87"
"17100","0","99.87"
"17200","0","99.87"
"17300","0","99.87"
"17400","0","99.87"
"17500","0","99.87"
"17600","0","99.87"
"17700","0","99.87"
"17800","0","99.87"
"17900","0","99.87"
"18000","0","99.87"
"18100","0","99.87"
"18200","0","99.87"
"18300","0","99.87"
"18400","0","99.87"
"18500","0","99.87"
"18600","0","99.87"
"18700","0","99.87"
"18800","0","99.87"
"18900","0","99.87"
"19000","0","99.87"
"19100","0","99.87"
"19200","0","99.87"
"19300","0","99.87"
"19400","0","99.87"
"19500","0","99.87"
"19600","0","99.87"
"19700","0","99.87"
"19800","0","99.87"
"19900","0","99.87"
"20000","0","99.87"
"20100","0","99.87"
"20200","0","99.87"
"20300","0","99.87"
"20400","0","99.87"
"20500","0","99.87"
"20600","0","99.87"
"20700","0","99.87"
"20800","0","99.87"
"20900","0","99.87"
"21000","0","99.87"
"21100","0","99.87"
"21200","0","99.87"
"21300","0","99.87"
"21400","0","99.87"
"21500","0","99.87"
"21600","0","99.87"
"21700","0","99.87"
"21800","0","99.87"
"21900","0","99.87"
"22000","0","99.87"
"22100","0","99.87"
"22200","0","99.87"
"22300","0","99.87"
"22400","0","99.87"
"22500","0","99.87"
"22600","0","99.87"
"22700","0","99.87"
"22800","0","99.87"
"22900","0","99.87"
"23000","1","99.93"
"23100","0","99.93"
"23200","0","99.93"
"23300","0","99.93"
"23400","0","99.93"
"23500","0","99.93"
"23600","0","99.93"
"23700","0","99.93"
"23800","0","99.93"
"23900","0","99.93"
"24000","0","99.93"
"24100","0","99.93"
"24200","0","99.93"
"24300","0","99.93"
"24400","0","99.93"
"24500","0","99.93"
"24600","0","99.93"
"24700","0","99.93"
"24800","0","99.93"
"24900","0","99.93"
"25000","0","99.93"
"25100","0","99.93"
"25200","0","99.93"
"25300","0","99.93"
"25400","0","99.93"
"25500","0","99.93"
"25600","0","99.93"
"25700","0","99.93"
"25800","0","99.93"
"25900","0","99.93"
"26000","0","99.93"
"26100","0","99.93"
"26200","0","99.93"
"26300","0","99.93"
"26400","0","99.93"
"26500","0","99.93"
"26600","0","99.93"
"26700","0","99.93"
"26800","0","99.93"
"26900","0","99.93"
"27000","0","99.93"
"27100","0","99.93"
"27200","0","99.93"
"27300","0","99.93"
"27400","0","99.93"
"27500","0","99.93"
"27600","0","99.93"
"27700","0","99.93"
"27800","0","99.93"
"27900","0","99.93"
"28000","0","99.93"
"28100","0","99.93"
"28200","0","99.93"
"28300","0","99.93"
"28400","0","99.93"
"28500","0","99.93"
"28600","0","99.93"
"28700","0","99.93"
"28800","0","99.93"
"28900","0","99.93"
"29000","0","99.93"
"29100","0","99.93"
"29200","0","99.93"
"29300","0","99.93"
"29400","0","99.93"
"29500","0","99.93"
"29600","0","99.93"
"29700","0","99.93"
"29800","0","99.93"
"29900","0","99.93"
"30000","0","99.93"
"30100","0","99.93"
"30200","0","99.93"
"30300","0","99.93"
"30400","0","99.93"
"30500","0","99.93"
"30600","0","99.93"
"30700","0","99.93"
"30800","0","99.93"
"30900","0","99.93"
"31000","0","99.93"
"31100","0","99.93"
"31200","0","99.93"
"31300","0","99.93"
"31400","0","99.93"
"31500","0","99.93"
"31600","0","99.93"
"31700","0","99.93"
"31800","0","99.93"
"31900","0","99.93"
"32000","0","99.93"
"32100","0","99.93"
"32200","0","99.93"
"32300","0","99.93"
"32400","0","99.93"
"32500","0","99.93"
"32600","0","99.93"
"32700","0","99.93"
"32800","0","99.93"
"32900","0","99.93"
"33000","0","99.93"
"33100","0","99.93"
"33200","0","99.93"
"33300","0","99.93"
"33400","0","99.93"
"33500","0","99.93"
"33600","0","99.93"
"33700","0","99.93"
"33800","0","99.93"
"33900","0","99.93"
"34000","0","99.93"
"34100","0","99.93"
"34200","0","99.93"
"34300","0","99.93"
"34400","0","99.93"
"34500","0","99.93"
"34600","0","99.93"
"34700","0","99.93"
"34800","0","99.93"
"34900","0","99.93"
"35000","0","99.93"
"35100","0","99.93"
"35200","0","99.93"
"35300","0","99.93"
"35400","0","99.93"
"35500","0","99.93"
"35600","0","99.93"
"35700","0","99.93"
"35800","0","99.93"
"35900","0","99.93"
"36000","1","100.0"
